fkey,frequency,account_date,date,amount,duration,payments,status
0,POPLATEK MESICNE,930226,940105,80952,24,3373.0,A
1,POPLATEK MESICNE,950407,960429,30276,12,2523.0,B
2,POPLATEK MESICNE,960728,971208,30276,12,2523.0,A
3,POPLATEK MESICNE,970818,981014,318480,60,5308.0,D
4,POPLATEK TYDNE,970808,980419,110736,48,2307.0,C
5,POPLATEK MESICNE,941019,960502,165960,24,6915.0,A
6,POPLATEK MESICNE,960505,970810,102876,12,8573.0,A
7,POPLATEK MESICNE,960310,971206,265320,36,7370.0,D
8,POPLATEK MESICNE,970710,981205,352704,48,7348.0,C
9,POPLATEK MESICNE,960717,970908,162576,36,4516.0,C
10,POPLATEK PO OBRATU,960511,961106,88440,12,7370.0,A
11,POPLATEK MESICNE,931126,940531,104808,12,8734.0,A
12,POPLATEK TYDNE,960812,970410,27456,12,2288.0,A
13,POPLATEK MESICNE,970223,980712,109344,12,9112.0,C
14,POPLATEK MESICNE,971208,981202,160920,36,4470.0,C
15,POPLATEK MESICNE,931202,941103,123696,48,2577.0,A
16,POPLATEK MESICNE,960725,980530,112752,36,3132.0,C
17,POPLATEK MESICNE,970425,981125,91248,48,1901.0,C
18,POPLATEK PO OBRATU,960126,970503,66840,24,2785.0,C
19,POPLATEK TYDNE,951017,970711,369000,60,6150.0,C
20,POPLATEK MESICNE,961124,980712,331584,48,6908.0,C
21,POPLATEK TYDNE,960911,971225,468060,60,7801.0,C
22,POPLATEK MESICNE,931201,941221,100980,60,1683.0,C
23,POPLATEK MESICNE,931213,950501,187224,24,7801.0,B
24,POPLATEK MESICNE,970608,980909,42816,12,3568.0,C
25,POPLATEK MESICNE,960722,971011,230400,60,3840.0,C
26,POPLATEK MESICNE,931129,940719,252060,60,4201.0,D
27,POPLATEK MESICNE,961222,980313,84288,48,1756.0,C
28,POPLATEK MESICNE,970330,970710,357840,48,7455.0,D
29,POPLATEK MESICNE,961011,970428,196800,24,8200.0,D
30,POPLATEK MESICNE,951021,961024,262980,60,4383.0,C
31,POPLATEK MESICNE,960320,970716,210384,48,4383.0,C
32,POPLATEK MESICNE,950515,960822,91152,24,3798.0,A
33,POPLATEK MESICNE,960315,971128,12540,12,1045.0,A
34,POPLATEK MESICNE,950803,970401,102240,60,1704.0,C
35,POPLATEK MESICNE,960303,970820,76944,12,6412.0,A
36,POPLATEK TYDNE,970809,980212,156096,36,4336.0,C
37,POPLATEK MESICNE,950206,951123,73056,48,1522.0,C
38,POPLATEK MESICNE,930511,940724,208128,48,4336.0,B
39,POPLATEK MESICNE,950613,960411,215616,48,4492.0,D
40,POPLATEK MESICNE,930210,940511,24312,12,2026.0,A
41,POPLATEK MESICNE,930805,950108,48624,24,2026.0,A
42,POPLATEK MESICNE,940318,950217,538500,60,8975.0,C
43,POPLATEK MESICNE,960306,970202,53076,12,4423.0,A
44,POPLATEK MESICNE,960309,960728,187104,24,7796.0,A
45,POPLATEK MESICNE,930921,950530,87216,48,1817.0,C
46,POPLATEK MESICNE,970426,980224,178500,60,2975.0,C
47,POPLATEK MESICNE,950118,950916,309552,48,6449.0,C
48,POPLATEK MESICNE,971213,980521,22260,60,371.0,C
49,POPLATEK MESICNE,941115,960529,284280,60,4738.0,C
50,POPLATEK PO OBRATU,941102,950524,189060,60,3151.0,C
51,POPLATEK MESICNE,961114,980701,108720,60,1812.0,C
52,POPLATEK MESICNE,960702,980411,188532,36,5237.0,C
53,POPLATEK MESICNE,941217,951218,204000,60,3400.0,C
54,POPLATEK MESICNE,940709,941028,98184,24,4091.0,A
55,POPLATEK MESICNE,970215,980924,253200,60,4220.0,C
56,POPLATEK TYDNE,930510,940120,253200,60,4220.0,C
57,POPLATEK MESICNE,961206,980416,50976,36,1416.0,C
58,POPLATEK MESICNE,960114,970613,385104,48,8023.0,C
59,POPLATEK TYDNE,930829,941112,192552,24,8023.0,B
60,POPLATEK MESICNE,930421,940207,149040,48,3105.0,A
61,POPLATEK PO OBRATU,961124,970907,128544,24,5356.0,C
62,POPLATEK MESICNE,960508,970228,35904,48,748.0,C
63,POPLATEK MESICNE,930608,950316,99696,48,2077.0,D
64,POPLATEK MESICNE,960328,961125,182640,48,3805.0,C
65,POPLATEK TYDNE,950726,970401,148140,36,4115.0,C
66,POPLATEK MESICNE,940421,950529,71064,36,1974.0,A
67,POPLATEK PO OBRATU,960607,970701,74772,36,2077.0,C
68,POPLATEK MESICNE,970702,981205,52512,12,4376.0,C
69,POPLATEK MESICNE,971222,981011,185544,36,5154.0,C
70,POPLATEK MESICNE,960916,970906,23520,12,1960.0,A
71,POPLATEK MESICNE,960926,970915,389136,48,8107.0,C
72,POPLATEK MESICNE,940427,950829,45336,24,1889.0,A
73,POPLATEK MESICNE,970805,980902,125472,24,5228.0,C
74,POPLATEK PO OBRATU,970411,980117,125472,24,5228.0,C
75,POPLATEK MESICNE,970220,970603,100080,48,2085.0,C
76,POPLATEK TYDNE,960703,980119,123300,36,3425.0,C
77,POPLATEK TYDNE,970207,981007,165780,60,2763.0,C
78,POPLATEK PO OBRATU,931117,941119,164052,36,4557.0,B
79,POPLATEK MESICNE,960608,970721,191088,48,3981.0,C
80,POPLATEK MESICNE,960108,971127,194256,24,8094.0,C
81,POPLATEK PO OBRATU,941117,960824,388512,48,8094.0,D
82,POPLATEK MESICNE,930509,940206,78936,12,6578.0,A
83,POPLATEK TYDNE,961112,980126,64224,24,2676.0,C
84,POPLATEK MESICNE,970201,981029,189792,48,3954.0,C
85,POPLATEK MESICNE,960314,960706,141948,36,3943.0,C
86,POPLATEK MESICNE,970923,980820,172272,24,7178.0,C
87,POPLATEK MESICNE,931211,950428,248148,36,6893.0,A
88,POPLATEK MESICNE,940903,960615,30060,60,501.0,C
89,POPLATEK TYDNE,950220,960313,202788,36,5633.0,C
90,POPLATEK MESICNE,970727,980527,43200,24,1800.0,C
91,POPLATEK TYDNE,930322,930705,96396,12,8033.0,B
92,POPLATEK MESICNE,930213,930711,165960,36,4610.0,A
93,POPLATEK MESICNE,970516,980930,385584,48,8033.0,C
94,POPLATEK MESICNE,930922,940623,239460,60,3991.0,C
95,POPLATEK TYDNE,961021,980111,143676,36,3991.0,C
96,POPLATEK MESICNE,930130,930803,105804,36,2939.0,A
97,POPLATEK TYDNE,950415,961016,396120,60,6602.0,C
98,POPLATEK MESICNE,960614,980129,37944,36,1054.0,C
99,POPLATEK MESICNE,970920,980910,209040,24,8710.0,C
100,POPLATEK MESICNE,960305,960731,162468,36,4513.0,C
101,POPLATEK MESICNE,961021,970830,57360,12,4780.0,B
102,POPLATEK MESICNE,960801,971008,44952,24,1873.0,C
103,POPLATEK MESICNE,970302,981206,55632,24,2318.0,C
104,POPLATEK TYDNE,950213,960421,249312,48,5194.0,C
105,POPLATEK TYDNE,930611,941204,205200,36,5700.0,A
106,POPLATEK MESICNE,941030,950415,68400,12,5700.0,B
107,POPLATEK MESICNE,970806,980714,290820,60,4847.0,C
108,POPLATEK MESICNE,950604,970121,38520,12,3210.0,A
109,POPLATEK MESICNE,960510,980125,176328,36,4898.0,C
110,POPLATEK TYDNE,951108,970422,293880,60,4898.0,D
111,POPLATEK MESICNE,970417,980719,271260,60,4521.0,C
112,POPLATEK MESICNE,960306,961029,86184,12,7182.0,A
113,POPLATEK MESICNE,961230,970826,83628,36,2323.0,C
114,POPLATEK MESICNE,970814,981005,44640,24,1860.0,C
115,POPLATEK MESICNE,970427,970912,214596,36,5961.0,C
116,POPLATEK MESICNE,960201,961003,101520,12,8460.0,A
117,POPLATEK MESICNE,960502,970804,92400,12,7700.0,A
118,POPLATEK MESICNE,960806,970317,22932,36,637.0,C
119,POPLATEK MESICNE,970901,980307,23328,12,1944.0,C
120,POPLATEK MESICNE,960113,960909,71460,36,1985.0,C
121,POPLATEK TYDNE,960107,961128,61560,12,5130.0,A
122,POPLATEK MESICNE,970408,970822,78600,24,3275.0,C
123,POPLATEK MESICNE,930808,941030,170256,24,7094.0,A
124,POPLATEK MESICNE,930606,940730,299088,36,8308.0,B
125,POPLATEK TYDNE,960226,971104,53472,12,4456.0,A
126,POPLATEK MESICNE,941121,951118,182040,60,3034.0,C
127,POPLATEK TYDNE,940522,951212,92976,24,3874.0,A
128,POPLATEK MESICNE,940319,950329,185952,48,3874.0,C
129,POPLATEK MESICNE,950827,960926,139464,36,3874.0,D
130,POPLATEK MESICNE,930330,950116,347952,48,7249.0,C
131,POPLATEK MESICNE,960425,970205,415800,60,6930.0,C
132,POPLATEK MESICNE,960413,970224,72504,24,3021.0,C
133,POPLATEK MESICNE,970208,981202,230220,36,6395.0,C
134,POPLATEK MESICNE,950211,960718,20196,36,561.0,C
135,POPLATEK TYDNE,961030,980601,314688,48,6556.0,C
136,POPLATEK MESICNE,950102,960629,46320,24,1930.0,A
137,POPLATEK MESICNE,960319,970804,48312,24,2013.0,C
138,POPLATEK MESICNE,960404,971112,541200,60,9020.0,D
139,POPLATEK MESICNE,941209,951104,99336,24,4139.0,A
140,POPLATEK MESICNE,931025,941211,199680,60,3328.0,C
141,POPLATEK MESICNE,960804,970511,159744,48,3328.0,C
142,POPLATEK MESICNE,950121,960429,49440,60,824.0,C
143,POPLATEK MESICNE,940225,950401,156672,36,4352.0,A
144,POPLATEK MESICNE,971027,981006,17952,12,1496.0,C
145,POPLATEK MESICNE,931127,950130,95808,12,7984.0,A
146,POPLATEK MESICNE,960707,971226,293160,60,4886.0,C
147,POPLATEK MESICNE,950909,960415,200976,48,4187.0,C
148,POPLATEK MESICNE,930227,940110,24516,12,2043.0,A
149,POPLATEK MESICNE,940521,960112,165120,60,2752.0,C
150,POPLATEK MESICNE,951116,970613,466608,48,9721.0,C
151,POPLATEK MESICNE,961204,980213,428784,48,8933.0,C
152,POPLATEK PO OBRATU,941113,960613,360000,48,7500.0,C
153,POPLATEK MESICNE,951109,960802,89340,60,1489.0,C
154,POPLATEK MESICNE,960821,980521,136344,24,5681.0,C
155,POPLATEK MESICNE,930308,940308,91632,12,7636.0,A
156,POPLATEK MESICNE,961225,980830,231168,48,4816.0,C
157,POPLATEK PO OBRATU,930705,931208,93888,36,2608.0,A
158,POPLATEK TYDNE,970616,980427,93888,36,2608.0,C
159,POPLATEK MESICNE,970402,981108,69624,36,1934.0,C
160,POPLATEK TYDNE,970706,980615,156420,60,2607.0,C
161,POPLATEK MESICNE,960213,970930,66432,24,2768.0,C
162,POPLATEK TYDNE,960126,970504,335280,48,6985.0,C
163,POPLATEK MESICNE,930320,940705,111384,24,4641.0,A
164,POPLATEK MESICNE,931020,940716,50460,60,841.0,C
165,POPLATEK MESICNE,960904,970519,268320,60,4472.0,C
166,POPLATEK MESICNE,971021,980829,437460,60,7291.0,C
167,POPLATEK MESICNE,940730,960229,380160,60,6336.0,C
168,POPLATEK MESICNE,930618,940517,272520,60,4542.0,C
169,POPLATEK MESICNE,960327,980120,504000,60,8400.0,C
170,POPLATEK MESICNE,930530,941221,31248,12,2604.0,A
171,POPLATEK MESICNE,960604,980417,41256,12,3438.0,C
172,POPLATEK MESICNE,960409,971206,24792,24,1033.0,C
173,POPLATEK PO OBRATU,961014,980708,88608,12,7384.0,C
174,POPLATEK MESICNE,960503,960914,48744,36,1354.0,C
175,POPLATEK PO OBRATU,970111,980605,390000,48,8125.0,C
176,POPLATEK MESICNE,960420,961204,155616,48,3242.0,C
177,POPLATEK MESICNE,940526,960418,277884,36,7719.0,D
178,POPLATEK MESICNE,930508,940902,82896,12,6908.0,A
179,POPLATEK MESICNE,930523,950321,15420,12,1285.0,A
180,POPLATEK TYDNE,960128,960828,253512,36,7042.0,D
181,POPLATEK MESICNE,940812,960224,123216,48,2567.0,C
182,POPLATEK MESICNE,960327,961115,321180,60,5353.0,C
183,POPLATEK MESICNE,961215,980921,253560,60,4226.0,C
184,POPLATEK MESICNE,961018,980515,130896,24,5454.0,C
185,POPLATEK MESICNE,960826,980616,30012,12,2501.0,C
186,POPLATEK MESICNE,930810,950103,177744,48,3703.0,D
187,POPLATEK MESICNE,951129,961215,222180,60,3703.0,D
188,POPLATEK MESICNE,951118,970501,39024,12,3252.0,A
189,POPLATEK MESICNE,950311,961004,77184,36,2144.0,C
190,POPLATEK MESICNE,961011,970827,68124,12,5677.0,A
191,POPLATEK MESICNE,951229,970921,94512,12,7876.0,B
192,POPLATEK MESICNE,970808,981127,276084,36,7669.0,C
193,POPLATEK MESICNE,961012,971208,19248,12,1604.0,A
194,POPLATEK MESICNE,960827,970209,146064,24,6086.0,C
195,POPLATEK MESICNE,931105,940705,4980,12,415.0,A
196,POPLATEK TYDNE,961222,980311,40632,12,3386.0,C
197,POPLATEK MESICNE,970520,980627,71820,36,1995.0,C
198,POPLATEK PO OBRATU,960902,970610,207264,48,4318.0,C
199,POPLATEK TYDNE,960606,971020,68664,24,2861.0,C
200,POPLATEK MESICNE,960313,970307,67464,12,5622.0,A
201,POPLATEK MESICNE,970408,980529,140688,48,2931.0,C
202,POPLATEK MESICNE,941208,950801,44088,24,1837.0,A
203,POPLATEK MESICNE,970829,980922,174840,60,2914.0,C
204,POPLATEK MESICNE,960719,980524,174960,24,7290.0,C
205,POPLATEK TYDNE,940830,960524,161496,36,4486.0,C
206,POPLATEK MESICNE,930727,950530,158760,60,2646.0,C
207,POPLATEK MESICNE,951028,970901,14028,12,1169.0,A
208,POPLATEK MESICNE,960428,970920,271584,48,5658.0,C
209,POPLATEK MESICNE,930312,940910,23628,12,1969.0,A
210,POPLATEK MESICNE,930324,950205,316140,60,5269.0,D
211,POPLATEK MESICNE,950815,960723,444864,48,9268.0,C
212,POPLATEK MESICNE,970508,971105,460980,60,7683.0,D
213,POPLATEK MESICNE,940501,950102,76380,12,6365.0,A
214,POPLATEK MESICNE,941125,950402,18564,12,1547.0,A
215,POPLATEK TYDNE,960219,961103,68544,24,2856.0,A
216,POPLATEK MESICNE,940407,960208,63252,12,5271.0,A
217,POPLATEK MESICNE,930119,940928,23052,12,1921.0,A
218,POPLATEK MESICNE,960423,970502,307200,60,5120.0,D
219,POPLATEK MESICNE,961123,980918,74916,36,2081.0,C
220,POPLATEK MESICNE,971018,980210,153936,24,6414.0,C
221,POPLATEK MESICNE,970708,980308,334620,60,5577.0,C
222,POPLATEK MESICNE,960418,980316,133848,24,5577.0,C
223,POPLATEK MESICNE,970928,980712,96984,36,2694.0,C
224,POPLATEK TYDNE,960510,971014,107352,36,2982.0,C
225,POPLATEK MESICNE,970616,980104,63576,12,5298.0,C
226,POPLATEK MESICNE,960922,970329,84600,36,2350.0,D
227,POPLATEK MESICNE,961119,970320,84288,48,1756.0,C
228,POPLATEK TYDNE,970125,971228,106128,36,2948.0,C
229,POPLATEK MESICNE,931103,950405,158976,48,3312.0,C
230,POPLATEK MESICNE,950722,951128,137904,24,5746.0,B
231,POPLATEK MESICNE,960526,970731,41856,48,872.0,C
232,POPLATEK MESICNE,971005,980603,151200,36,4200.0,C
233,POPLATEK MESICNE,960503,970815,100800,24,4200.0,D
234,POPLATEK MESICNE,960819,980621,212976,36,5916.0,C
235,POPLATEK MESICNE,951004,970828,405780,60,6763.0,C
236,POPLATEK MESICNE,940408,940827,79632,24,3318.0,A
237,POPLATEK MESICNE,931014,940629,244560,60,4076.0,C
238,POPLATEK MESICNE,970220,981104,41988,12,3499.0,C
239,POPLATEK PO OBRATU,960204,970522,164196,36,4561.0,C
240,POPLATEK MESICNE,960723,970809,51360,12,4280.0,B
241,POPLATEK MESICNE,931116,941208,51408,24,2142.0,A
242,POPLATEK MESICNE,960429,971209,100128,24,4172.0,C
243,POPLATEK MESICNE,970108,981030,327660,60,5461.0,C
244,POPLATEK MESICNE,960311,970329,90156,12,7513.0,A
245,POPLATEK TYDNE,940115,950208,221280,48,4610.0,C
246,POPLATEK MESICNE,930910,950223,97224,24,4051.0,A
247,POPLATEK MESICNE,950705,970401,74040,12,6170.0,A
248,POPLATEK MESICNE,950426,951031,73836,36,2051.0,A
249,POPLATEK MESICNE,930607,940926,87816,12,7318.0,A
250,POPLATEK MESICNE,960616,961031,192744,36,5354.0,C
251,POPLATEK MESICNE,930602,941003,192744,36,5354.0,A
252,POPLATEK MESICNE,960903,980209,321240,60,5354.0,C
253,POPLATEK TYDNE,951227,960514,66480,24,2770.0,B
254,POPLATEK TYDNE,970413,980803,86184,36,2394.0,C
255,POPLATEK MESICNE,951009,970103,93960,60,1566.0,C
256,POPLATEK MESICNE,941110,960925,15192,24,633.0,A
257,POPLATEK MESICNE,950103,960101,135360,48,2820.0,C
258,POPLATEK MESICNE,970803,980505,81144,36,2254.0,C
259,POPLATEK MESICNE,970206,980103,61320,60,1022.0,C
260,POPLATEK MESICNE,930605,940604,300204,36,8339.0,A
261,POPLATEK MESICNE,940827,950805,20220,12,1685.0,A
262,POPLATEK MESICNE,960608,961010,64656,48,1347.0,C
263,POPLATEK MESICNE,970924,980112,66696,24,2779.0,C
264,POPLATEK MESICNE,960721,970317,66696,24,2779.0,D
265,POPLATEK MESICNE,960615,970618,33348,12,2779.0,A
266,POPLATEK PO OBRATU,961212,971213,87528,24,3647.0,C
267,POPLATEK MESICNE,951015,960825,402000,60,6700.0,C
268,POPLATEK MESICNE,970103,970528,106944,24,4456.0,C
269,POPLATEK MESICNE,950808,970315,162624,48,3388.0,C
270,POPLATEK MESICNE,961028,970314,97176,24,4049.0,C
271,POPLATEK MESICNE,970414,971104,168264,36,4674.0,C
272,POPLATEK MESICNE,950213,950811,107640,24,4485.0,A
273,POPLATEK MESICNE,970221,970907,204780,60,3413.0,C
274,POPLATEK MESICNE,940114,950709,465072,48,9689.0,C
275,POPLATEK MESICNE,970808,971124,219456,48,4572.0,C
276,POPLATEK MESICNE,961218,971227,465504,48,9698.0,D
277,POPLATEK MESICNE,960608,970225,59136,48,1232.0,C
278,POPLATEK MESICNE,940604,950818,21396,12,1783.0,A
279,POPLATEK MESICNE,960204,960822,141648,24,5902.0,A
280,POPLATEK MESICNE,950413,960304,213300,36,5925.0,C
281,POPLATEK MESICNE,970621,980727,335184,48,6983.0,D
282,POPLATEK MESICNE,960312,970318,76080,12,6340.0,A
283,POPLATEK MESICNE,930620,931104,117024,24,4876.0,A
284,POPLATEK MESICNE,940206,960103,98832,48,2059.0,C
285,POPLATEK MESICNE,930220,940723,143904,24,5996.0,A
286,POPLATEK MESICNE,950729,961115,359760,60,5996.0,C
287,POPLATEK MESICNE,961014,970830,289920,48,6040.0,C
288,POPLATEK TYDNE,960819,970306,150180,60,2503.0,C
289,POPLATEK MESICNE,960122,961128,179328,48,3736.0,C
290,POPLATEK TYDNE,960111,960803,258444,36,7179.0,C
291,POPLATEK TYDNE,940801,960203,128988,36,3583.0,D
292,POPLATEK MESICNE,960212,970518,165168,36,4588.0,C
293,POPLATEK MESICNE,951215,961109,110112,24,4588.0,A
294,POPLATEK MESICNE,950803,960725,11400,12,950.0,A
295,POPLATEK TYDNE,950827,960210,61656,24,2569.0,B
296,POPLATEK MESICNE,960412,970209,317520,60,5292.0,C
297,POPLATEK MESICNE,950805,970504,53232,48,1109.0,C
298,POPLATEK MESICNE,930621,940810,323472,48,6739.0,A
299,POPLATEK MESICNE,950403,960111,20352,48,424.0,C
300,POPLATEK TYDNE,961208,980127,57060,12,4755.0,C
301,POPLATEK MESICNE,970513,980323,22356,36,621.0,C
302,POPLATEK MESICNE,970224,980716,58764,12,4897.0,C
303,POPLATEK MESICNE,960203,970428,399120,60,6652.0,C
304,POPLATEK TYDNE,970629,971228,79824,12,6652.0,A
305,POPLATEK MESICNE,950818,960425,320976,48,6687.0,D
306,POPLATEK MESICNE,930701,940804,14628,12,1219.0,A
307,POPLATEK PO OBRATU,930623,940711,173808,24,7242.0,A
308,POPLATEK PO OBRATU,931025,940510,193968,36,5388.0,A
309,POPLATEK MESICNE,950714,961112,276300,60,4605.0,C
310,POPLATEK MESICNE,960112,971126,129312,24,5388.0,D
311,POPLATEK MESICNE,960704,970202,117420,60,1957.0,C
312,POPLATEK MESICNE,930113,931122,79608,24,3317.0,A
313,POPLATEK MESICNE,970918,980909,170832,48,3559.0,C
314,POPLATEK MESICNE,960916,980331,240528,48,5011.0,C
315,POPLATEK MESICNE,930429,940227,300660,60,5011.0,C
316,POPLATEK MESICNE,961020,970307,90180,36,2505.0,C
317,POPLATEK MESICNE,950518,970124,68340,60,1139.0,C
318,POPLATEK TYDNE,960906,970821,202848,48,4226.0,C
319,POPLATEK TYDNE,930521,940407,149340,60,2489.0,C
320,POPLATEK MESICNE,960426,970905,158184,36,4394.0,C
321,POPLATEK MESICNE,941022,960603,368880,60,6148.0,C
322,POPLATEK MESICNE,930414,930924,174744,24,7281.0,B
323,POPLATEK MESICNE,930322,940617,174744,24,7281.0,B
324,POPLATEK MESICNE,970219,971001,78696,36,2186.0,C
325,POPLATEK MESICNE,951217,971004,349392,48,7279.0,C
326,POPLATEK MESICNE,930816,940911,209184,48,4358.0,A
327,POPLATEK MESICNE,950324,960718,32640,48,680.0,C
328,POPLATEK MESICNE,970811,980419,140880,60,2348.0,C
329,POPLATEK TYDNE,940714,960410,44628,12,3719.0,A
330,POPLATEK MESICNE,960316,970121,221880,60,3698.0,C
331,POPLATEK MESICNE,960227,960809,44376,12,3698.0,A
332,POPLATEK PO OBRATU,960710,971228,177504,48,3698.0,C
333,POPLATEK MESICNE,930208,941102,83016,12,6918.0,A
334,POPLATEK MESICNE,940617,950425,225420,60,3757.0,C
335,POPLATEK TYDNE,941115,950725,285600,60,4760.0,C
336,POPLATEK PO OBRATU,950108,950710,98592,24,4108.0,A
337,POPLATEK MESICNE,970904,981121,99216,36,2756.0,C
338,POPLATEK MESICNE,930720,950316,103680,60,1728.0,D
339,POPLATEK PO OBRATU,950419,970108,232560,48,4845.0,C
340,POPLATEK MESICNE,950125,960221,290700,60,4845.0,D
341,POPLATEK PO OBRATU,950705,951216,232560,48,4845.0,C
342,POPLATEK MESICNE,950608,951128,31176,24,1299.0,A
343,POPLATEK MESICNE,950714,960506,123600,60,2060.0,C
344,POPLATEK MESICNE,960718,970914,177804,36,4939.0,C
345,POPLATEK MESICNE,930125,940418,65184,12,5432.0,A
346,POPLATEK MESICNE,961025,980623,184620,60,3077.0,C
347,POPLATEK MESICNE,931126,940606,87216,48,1817.0,B
348,POPLATEK MESICNE,970606,980618,78720,48,1640.0,C
349,POPLATEK MESICNE,930907,940930,141240,24,5885.0,A
350,POPLATEK MESICNE,931121,941103,61056,48,1272.0,A
351,POPLATEK MESICNE,930824,950304,28248,24,1177.0,A
352,POPLATEK TYDNE,930319,931201,464520,60,7742.0,B
353,POPLATEK MESICNE,930422,941002,11736,24,489.0,A
354,POPLATEK MESICNE,930828,940708,276660,36,7685.0,B
355,POPLATEK MESICNE,970308,980528,5148,12,429.0,C
356,POPLATEK MESICNE,960828,980419,321360,60,5356.0,C
357,POPLATEK MESICNE,960915,980106,407952,48,8499.0,D
358,POPLATEK TYDNE,960919,970928,360864,48,7518.0,D
359,POPLATEK MESICNE,970615,971022,26208,36,728.0,C
360,POPLATEK TYDNE,940307,950108,270648,36,7518.0,B
361,POPLATEK MESICNE,970122,970730,67608,24,2817.0,C
362,POPLATEK MESICNE,931227,941104,59760,24,2490.0,A
363,POPLATEK MESICNE,961111,971228,247920,48,5165.0,C
364,POPLATEK MESICNE,960513,970208,247920,48,5165.0,D
365,POPLATEK TYDNE,930726,941220,398640,60,6644.0,C
366,POPLATEK MESICNE,961101,970610,87360,24,3640.0,C
367,POPLATEK MESICNE,930721,940607,87360,24,3640.0,A
368,POPLATEK MESICNE,950405,960811,85632,48,1784.0,C
369,POPLATEK MESICNE,931126,950212,79920,60,1332.0,C
370,POPLATEK MESICNE,950527,960806,270384,48,5633.0,C
371,POPLATEK MESICNE,930801,941025,17508,12,1459.0,A
372,POPLATEK MESICNE,950315,960916,181020,60,3017.0,C
373,POPLATEK PO OBRATU,951009,960212,72408,24,3017.0,B
374,POPLATEK MESICNE,930329,941220,36684,12,3057.0,A
375,POPLATEK MESICNE,950508,961111,110136,24,4589.0,A
376,POPLATEK MESICNE,961101,970617,34572,12,2881.0,A
377,POPLATEK MESICNE,960727,980517,10944,36,304.0,C
378,POPLATEK MESICNE,960717,970615,150912,36,4192.0,C
379,POPLATEK MESICNE,940208,950206,43164,12,3597.0,A
380,POPLATEK MESICNE,930126,940526,76908,12,6409.0,B
381,POPLATEK MESICNE,960723,980428,104964,12,8747.0,C
382,POPLATEK MESICNE,970913,981008,38496,12,3208.0,C
383,POPLATEK MESICNE,961218,970506,76992,24,3208.0,C
384,POPLATEK TYDNE,930305,940331,212400,36,5900.0,A
385,POPLATEK MESICNE,961020,970824,390660,60,6511.0,C
386,POPLATEK MESICNE,950327,951112,60156,36,1671.0,B
387,POPLATEK MESICNE,950708,970522,100260,60,1671.0,C
388,POPLATEK MESICNE,960103,970709,294384,48,6133.0,C
389,POPLATEK MESICNE,960210,971225,116496,24,4854.0,C
390,POPLATEK MESICNE,960625,961023,22968,36,638.0,C
391,POPLATEK MESICNE,960608,970924,127200,48,2650.0,C
392,POPLATEK TYDNE,930315,931208,95400,36,2650.0,A
393,POPLATEK MESICNE,961228,980712,64860,60,1081.0,C
394,POPLATEK TYDNE,930915,950114,137880,60,2298.0,D
395,POPLATEK MESICNE,940728,951031,37908,12,3159.0,A
396,POPLATEK MESICNE,960511,970317,17184,12,1432.0,A
397,POPLATEK MESICNE,950819,970430,124344,36,3454.0,C
398,POPLATEK MESICNE,961022,971221,49320,36,1370.0,C
399,POPLATEK TYDNE,970512,981206,139488,24,5812.0,C
400,POPLATEK MESICNE,940601,951205,194880,48,4060.0,C
401,POPLATEK MESICNE,930908,940526,25944,24,1081.0,A
402,POPLATEK MESICNE,961012,970212,475680,48,9910.0,C
403,POPLATEK MESICNE,950727,960725,96768,36,2688.0,C
404,POPLATEK MESICNE,961226,970616,288720,48,6015.0,C
405,POPLATEK MESICNE,971012,980522,495180,60,8253.0,C
406,POPLATEK PO OBRATU,970717,971109,63972,36,1777.0,D
407,POPLATEK MESICNE,960906,980208,194160,48,4045.0,C
408,POPLATEK MESICNE,960820,980610,234336,48,4882.0,C
409,POPLATEK PO OBRATU,930414,931209,47016,12,3918.0,A
410,POPLATEK MESICNE,930917,941106,48672,36,1352.0,A
411,POPLATEK TYDNE,950409,960919,74124,36,2059.0,C
412,POPLATEK MESICNE,970911,980416,49488,24,2062.0,C
413,POPLATEK MESICNE,961207,971130,203940,60,3399.0,C
414,POPLATEK TYDNE,970612,981117,99744,24,4156.0,C
415,POPLATEK PO OBRATU,960702,980517,49872,12,4156.0,C
416,POPLATEK MESICNE,950619,960804,155640,24,6485.0,A
417,POPLATEK MESICNE,930906,950606,63360,60,1056.0,C
418,POPLATEK MESICNE,960423,980115,152160,60,2536.0,C
419,POPLATEK MESICNE,960830,970210,73260,60,1221.0,C
420,POPLATEK MESICNE,970928,980312,49044,12,4087.0,C
421,POPLATEK MESICNE,930226,940105,80952,24,3373.0,A
422,POPLATEK MESICNE,950407,960429,30276,12,2523.0,B
423,POPLATEK MESICNE,960728,971208,30276,12,2523.0,A
424,POPLATEK TYDNE,970808,980419,110736,48,2307.0,C
425,POPLATEK MESICNE,930318,940315,55368,24,2307.0,A
426,POPLATEK MESICNE,930419,940526,63312,48,1319.0,A
427,POPLATEK MESICNE,930728,940316,91200,24,3800.0,A
428,POPLATEK MESICNE,940829,950103,288468,36,8013.0,A
429,POPLATEK MESICNE,960516,971019,590820,60,9847.0,C
430,POPLATEK MESICNE,940903,951102,41952,12,3496.0,A
431,POPLATEK MESICNE,970524,980711,12792,12,1066.0,C
432,POPLATEK TYDNE,950117,951231,309600,48,6450.0,C
433,POPLATEK MESICNE,960402,970817,153504,48,3198.0,C
434,POPLATEK MESICNE,960216,971211,130464,48,2718.0,C
435,POPLATEK MESICNE,950315,951212,191880,60,3198.0,C
436,POPLATEK MESICNE,930905,950327,31728,24,1322.0,A
437,POPLATEK MESICNE,950208,960518,320592,48,6679.0,C
438,POPLATEK MESICNE,960922,980108,170448,48,3551.0,C
439,POPLATEK MESICNE,961008,980126,42384,12,3532.0,C
440,POPLATEK MESICNE,960819,970129,390096,48,8127.0,C
441,POPLATEK MESICNE,960721,970321,94488,24,3937.0,C
442,POPLATEK TYDNE,960525,980225,220440,60,3674.0,C
443,POPLATEK MESICNE,970703,980528,45456,12,3788.0,C
444,POPLATEK TYDNE,960708,980512,140064,24,5836.0,C
445,POPLATEK MESICNE,961129,971220,77544,36,2154.0,C
446,POPLATEK MESICNE,930208,940311,51696,24,2154.0,A
447,POPLATEK TYDNE,940710,951211,27984,12,2332.0,A
448,POPLATEK MESICNE,931003,940522,196080,48,4085.0,A
449,POPLATEK MESICNE,950105,961029,372120,60,6202.0,C
450,POPLATEK TYDNE,950409,960101,189696,24,7904.0,A
451,POPLATEK MESICNE,930801,950202,20832,48,434.0,C
452,POPLATEK MESICNE,940517,940928,189696,24,7904.0,B
453,POPLATEK MESICNE,931126,940625,91584,24,3816.0,A
454,POPLATEK MESICNE,930804,950118,68112,12,5676.0,A
455,POPLATEK MESICNE,950314,961119,72120,12,6010.0,A
456,POPLATEK MESICNE,950422,951008,21852,36,607.0,A
457,POPLATEK MESICNE,960326,971014,79344,48,1653.0,C
458,POPLATEK MESICNE,960409,971021,153144,36,4254.0,C
459,POPLATEK MESICNE,960727,970831,97392,12,8116.0,A
460,POPLATEK TYDNE,960609,960922,84120,24,3505.0,A
461,POPLATEK MESICNE,950907,970614,42900,12,3575.0,A
462,POPLATEK MESICNE,931108,940930,71460,12,5955.0,A
463,POPLATEK MESICNE,961227,970907,473280,60,7888.0,D
464,POPLATEK MESICNE,960830,980423,144960,48,3020.0,C
465,POPLATEK MESICNE,960425,980205,160656,24,6694.0,C
466,POPLATEK MESICNE,970323,970909,128268,36,3563.0,C
467,POPLATEK TYDNE,930707,940605,77640,12,6470.0,A
468,POPLATEK MESICNE,960817,980118,35856,24,1494.0,C
469,POPLATEK MESICNE,951217,961020,93600,24,3900.0,A
470,POPLATEK MESICNE,931010,941106,140400,36,3900.0,A
471,POPLATEK TYDNE,930207,940601,208320,48,4340.0,A
472,POPLATEK PO OBRATU,930903,940217,49320,12,4110.0,B
473,POPLATEK MESICNE,960408,971017,260400,60,4340.0,D
474,POPLATEK MESICNE,950111,960220,56100,60,935.0,C
475,POPLATEK MESICNE,961124,970509,220428,36,6123.0,C
476,POPLATEK MESICNE,951014,970815,99300,60,1655.0,C
477,POPLATEK MESICNE,941013,960715,155880,24,6495.0,A
478,POPLATEK MESICNE,930626,940730,74736,36,2076.0,A
479,POPLATEK TYDNE,960616,971101,238716,36,6631.0,C
480,POPLATEK MESICNE,950208,950613,29784,24,1241.0,A
481,POPLATEK MESICNE,951128,970812,97980,60,1633.0,C
482,POPLATEK MESICNE,930705,940520,80340,12,6695.0,A
483,POPLATEK MESICNE,961207,980330,36204,12,3017.0,D
484,POPLATEK MESICNE,930324,940825,224604,36,6239.0,A
485,POPLATEK MESICNE,930512,930913,87840,24,3660.0,A
486,POPLATEK MESICNE,960919,970926,8616,24,359.0,C
487,POPLATEK MESICNE,940604,950319,134784,24,5616.0,A
488,POPLATEK MESICNE,970119,970604,309660,60,5161.0,C
489,POPLATEK MESICNE,930412,940509,89040,60,1484.0,C
490,POPLATEK TYDNE,950808,960310,247728,48,5161.0,C
491,POPLATEK MESICNE,930328,940330,7656,24,319.0,A
492,POPLATEK MESICNE,931120,950601,417060,60,6951.0,C
493,POPLATEK MESICNE,960917,970725,333648,48,6951.0,D
494,POPLATEK MESICNE,940510,951014,266220,60,4437.0,C
495,POPLATEK MESICNE,941202,960506,220620,60,3677.0,C
496,POPLATEK MESICNE,930908,940121,21072,24,878.0,A
497,POPLATEK MESICNE,930918,950623,265320,36,7370.0,A
498,POPLATEK MESICNE,940629,950903,85860,60,1431.0,C
499,POPLATEK MESICNE,970320,971210,42840,12,3570.0,A
500,POPLATEK MESICNE,930402,940811,74688,12,6224.0,A
501,POPLATEK MESICNE,961125,980215,93036,12,7753.0,C
502,POPLATEK MESICNE,951010,960919,174048,48,3626.0,C
503,POPLATEK TYDNE,950717,960530,173016,36,4806.0,C
504,POPLATEK PO OBRATU,940227,940614,288360,60,4806.0,C
505,POPLATEK MESICNE,930912,950311,76680,24,3195.0,A
506,POPLATEK MESICNE,931008,940929,230220,36,6395.0,B
507,POPLATEK MESICNE,931110,950410,47304,24,1971.0,A
508,POPLATEK MESICNE,970822,980606,185640,60,3094.0,C
509,POPLATEK MESICNE,970623,981208,240900,60,4015.0,C
510,POPLATEK MESICNE,960212,960714,85716,36,2381.0,C
511,POPLATEK MESICNE,961122,970320,67980,12,5665.0,A
512,POPLATEK MESICNE,970518,980724,170700,60,2845.0,C
513,POPLATEK MESICNE,970128,970729,33144,12,2762.0,A
514,POPLATEK MESICNE,960516,970619,88272,48,1839.0,C
515,POPLATEK MESICNE,940824,950826,33984,48,708.0,C
516,POPLATEK MESICNE,961016,980428,74352,24,3098.0,C
517,POPLATEK TYDNE,940905,951225,125340,60,2089.0,C
518,POPLATEK MESICNE,970703,980608,76104,24,3171.0,C
519,POPLATEK MESICNE,970321,980123,566640,60,9444.0,C
520,POPLATEK TYDNE,960101,970130,186300,60,3105.0,C
521,POPLATEK MESICNE,960521,961221,45024,48,938.0,C
522,POPLATEK MESICNE,930925,941012,227880,36,6330.0,A
523,POPLATEK TYDNE,940902,960608,186384,48,3883.0,C
524,POPLATEK MESICNE,951122,960326,100224,48,2088.0,D
525,POPLATEK MESICNE,960105,961004,70656,48,1472.0,C
526,POPLATEK MESICNE,950121,961212,155616,48,3242.0,C
527,POPLATEK MESICNE,970115,970503,50112,24,2088.0,C
528,POPLATEK MESICNE,930628,931216,38148,12,3179.0,A
529,POPLATEK MESICNE,961022,980915,321936,48,6707.0,C
530,POPLATEK PO OBRATU,950830,970226,71976,24,2999.0,D
531,POPLATEK MESICNE,930616,940803,189300,60,3155.0,C
532,POPLATEK MESICNE,940121,940807,172080,48,3585.0,A
533,POPLATEK MESICNE,960718,970603,272220,60,4537.0,D
534,POPLATEK MESICNE,970818,981110,16032,48,334.0,C
535,POPLATEK MESICNE,961212,980301,52236,36,1451.0,C
536,POPLATEK MESICNE,970914,981201,163332,36,4537.0,C
537,POPLATEK MESICNE,960802,980608,69600,48,1450.0,C
538,POPLATEK MESICNE,970402,980307,272220,60,4537.0,C
539,POPLATEK MESICNE,970121,980228,215040,60,3584.0,C
540,POPLATEK MESICNE,930208,930728,127080,60,2118.0,A
541,POPLATEK MESICNE,960515,960911,29448,12,2454.0,B
542,POPLATEK MESICNE,961028,980205,122472,24,5103.0,C
543,POPLATEK MESICNE,970524,981012,82128,24,3422.0,C
544,POPLATEK MESICNE,960101,970413,164256,48,3422.0,C
545,POPLATEK MESICNE,971104,980429,191580,60,3193.0,C
546,POPLATEK MESICNE,950624,970313,83280,48,1735.0,C
547,POPLATEK MESICNE,930818,931221,86616,12,7218.0,A
548,POPLATEK MESICNE,960925,970619,285240,60,4754.0,C
549,POPLATEK MESICNE,960315,970124,23184,12,1932.0,A
550,POPLATEK MESICNE,960604,970508,39576,12,3298.0,A
551,POPLATEK MESICNE,930204,940711,39576,12,3298.0,A
552,POPLATEK MESICNE,930124,940919,41904,12,3492.0,A
553,POPLATEK MESICNE,930913,940604,52128,24,2172.0,A
554,POPLATEK MESICNE,951103,970608,188616,24,7859.0,C
555,POPLATEK MESICNE,950917,970429,99936,24,4164.0,C
556,POPLATEK TYDNE,930327,940805,120888,36,3358.0,A
557,POPLATEK MESICNE,960306,961029,86184,12,7182.0,A
558,POPLATEK MESICNE,961230,970826,83628,36,2323.0,C
559,POPLATEK MESICNE,970814,981005,44640,24,1860.0,C
560,POPLATEK MESICNE,961103,980207,374760,60,6246.0,C
561,POPLATEK TYDNE,930706,950508,36396,12,3033.0,A
562,POPLATEK TYDNE,960808,980625,225504,48,4698.0,C
563,POPLATEK MESICNE,950402,950909,188688,48,3931.0,C
564,POPLATEK MESICNE,960510,970209,116832,12,9736.0,A
565,POPLATEK MESICNE,960129,970310,341280,60,5688.0,C
566,POPLATEK MESICNE,960609,961122,228276,36,6341.0,C
567,POPLATEK MESICNE,960512,970716,18324,12,1527.0,A
568,POPLATEK MESICNE,960607,961115,46176,48,962.0,C
569,POPLATEK MESICNE,970713,980315,157068,36,4363.0,C
570,POPLATEK TYDNE,940522,951212,104712,24,4363.0,A
571,POPLATEK MESICNE,930520,950411,104712,24,4363.0,A
572,POPLATEK PO OBRATU,940722,951122,244368,48,5091.0,C
573,POPLATEK MESICNE,960625,971109,59448,24,2477.0,C
574,POPLATEK MESICNE,960108,970630,59448,24,2477.0,D
575,POPLATEK MESICNE,930313,950111,76416,24,3184.0,A
576,POPLATEK MESICNE,960123,960606,176148,36,4893.0,C
577,POPLATEK TYDNE,960730,980402,279072,48,5814.0,C
578,POPLATEK MESICNE,931114,950613,139536,24,5814.0,A
579,POPLATEK MESICNE,970607,980912,88200,36,2450.0,C
580,POPLATEK MESICNE,961013,970617,31620,60,527.0,C
581,POPLATEK MESICNE,970101,970815,116040,60,1934.0,C
582,POPLATEK PO OBRATU,941201,951122,113796,36,3161.0,A
583,POPLATEK MESICNE,940516,950211,151728,48,3161.0,D
584,POPLATEK MESICNE,951109,960727,133968,48,2791.0,C
585,POPLATEK TYDNE,950119,960926,96168,12,8014.0,A
586,POPLATEK MESICNE,930520,950413,126600,24,5275.0,A
587,POPLATEK MESICNE,930724,940521,97632,12,8136.0,A
588,POPLATEK MESICNE,960708,970810,300600,60,5010.0,C
589,POPLATEK MESICNE,930821,950315,331560,60,5526.0,C
590,POPLATEK MESICNE,950304,950922,36168,12,3014.0,A
591,POPLATEK MESICNE,951109,960802,89340,60,1489.0,C
592,POPLATEK MESICNE,950528,960711,19044,36,529.0,C
593,POPLATEK MESICNE,971129,980729,210744,36,5854.0,C
594,POPLATEK MESICNE,950615,960925,194940,36,5415.0,C
595,POPLATEK MESICNE,970507,980103,218064,48,4543.0,C
596,POPLATEK MESICNE,960328,970328,91632,12,7636.0,A
597,POPLATEK TYDNE,961013,970624,233424,36,6484.0,C
598,POPLATEK MESICNE,960330,970923,311232,48,6484.0,C
599,POPLATEK MESICNE,970402,970728,77808,12,6484.0,A
600,POPLATEK MESICNE,930506,940406,167100,60,2785.0,C
601,POPLATEK TYDNE,940701,951020,231696,36,6436.0,A
602,POPLATEK MESICNE,930428,940827,121896,24,5079.0,A
603,POPLATEK MESICNE,931127,940502,215388,36,5983.0,B
604,POPLATEK MESICNE,970426,980111,136368,24,5682.0,C
605,POPLATEK MESICNE,970113,980127,22104,12,1842.0,C
606,POPLATEK MESICNE,960708,970619,305424,48,6363.0,C
607,POPLATEK MESICNE,960412,970220,44304,24,1846.0,C
608,POPLATEK MESICNE,960221,970503,239160,60,3986.0,C
609,POPLATEK MESICNE,970903,980922,113436,36,3151.0,C
610,POPLATEK MESICNE,970501,980902,37812,12,3151.0,C
611,POPLATEK MESICNE,930610,931223,75624,24,3151.0,B
612,POPLATEK MESICNE,961201,971231,348120,60,5802.0,C
613,POPLATEK MESICNE,960119,961118,421008,48,8771.0,C
614,POPLATEK MESICNE,930711,931213,259740,60,4329.0,A
615,POPLATEK MESICNE,960407,980121,31260,12,2605.0,C
616,POPLATEK MESICNE,950504,970304,88704,48,1848.0,C
617,POPLATEK MESICNE,960621,970602,86880,12,7240.0,A
618,POPLATEK MESICNE,930117,931110,21924,36,609.0,A
619,POPLATEK MESICNE,950902,970104,260640,36,7240.0,D
620,POPLATEK MESICNE,961230,980301,194280,60,3238.0,C
621,POPLATEK PO OBRATU,951123,961211,123408,24,5142.0,A
622,POPLATEK MESICNE,960321,960928,54396,36,1511.0,C
623,POPLATEK MESICNE,931121,940603,151560,24,6315.0,A
624,POPLATEK MESICNE,930913,950703,60000,60,1000.0,C
625,POPLATEK MESICNE,960529,980122,23412,12,1951.0,C
626,POPLATEK MESICNE,930829,941219,482940,60,8049.0,D
627,POPLATEK TYDNE,960224,980102,267600,48,5575.0,C
628,POPLATEK MESICNE,970109,980218,133800,24,5575.0,C
629,POPLATEK PO OBRATU,951024,961205,417600,60,6960.0,C
630,POPLATEK MESICNE,971104,980815,249792,48,5204.0,C
631,POPLATEK MESICNE,950115,950624,198240,24,8260.0,A
632,POPLATEK MESICNE,970712,980618,269964,36,7499.0,C
633,POPLATEK MESICNE,961221,980705,208332,36,5787.0,C
634,POPLATEK MESICNE,970909,980224,196224,48,4088.0,C
635,POPLATEK MESICNE,970318,980507,45720,12,3810.0,C
636,POPLATEK MESICNE,931208,951028,260028,36,7223.0,A
637,POPLATEK MESICNE,970530,971002,197808,24,8242.0,C
638,POPLATEK MESICNE,960708,971224,24180,60,403.0,C
639,POPLATEK MESICNE,941223,960321,154656,48,3222.0,C
640,POPLATEK TYDNE,930417,941221,115992,36,3222.0,A
641,POPLATEK MESICNE,951023,960917,68832,36,1912.0,C
642,POPLATEK MESICNE,970705,980423,339168,48,7066.0,C
643,POPLATEK TYDNE,931122,940823,45768,12,3814.0,A
644,POPLATEK MESICNE,960918,971209,45768,12,3814.0,A
645,POPLATEK MESICNE,970819,980711,31140,60,519.0,C
646,POPLATEK MESICNE,960313,970307,67464,12,5622.0,A
647,POPLATEK MESICNE,970408,980529,140688,48,2931.0,C
648,POPLATEK MESICNE,961002,971130,385560,60,6426.0,D
649,POPLATEK MESICNE,950220,960213,113544,36,3154.0,C
650,POPLATEK MESICNE,961121,970823,57120,48,1190.0,C
651,POPLATEK TYDNE,930529,940728,131292,36,3647.0,A
652,POPLATEK TYDNE,970215,980611,152460,60,2541.0,C
653,POPLATEK MESICNE,930913,940223,197748,36,5493.0,A
654,POPLATEK TYDNE,940605,951002,314520,60,5242.0,C
655,POPLATEK MESICNE,960729,970402,18720,60,312.0,C
656,POPLATEK MESICNE,950520,961225,115812,36,3217.0,C
657,POPLATEK TYDNE,930420,931013,154416,48,3217.0,A
658,POPLATEK TYDNE,930214,930906,274740,60,4579.0,A
659,POPLATEK MESICNE,930810,950304,168984,24,7041.0,B
660,POPLATEK TYDNE,960726,971023,48096,24,2004.0,C
661,POPLATEK MESICNE,950129,951204,217152,36,6032.0,A
662,POPLATEK TYDNE,960201,960820,148920,60,2482.0,C
663,POPLATEK MESICNE,930319,940612,69360,48,1445.0,A
664,POPLATEK MESICNE,950602,970304,119136,48,2482.0,C
665,POPLATEK MESICNE,951110,970426,98304,12,8192.0,A
666,POPLATEK MESICNE,961210,970609,213300,60,3555.0,C
667,POPLATEK MESICNE,930520,940131,108144,36,3004.0,A
668,POPLATEK MESICNE,931010,940301,182628,36,5073.0,A
669,POPLATEK TYDNE,950818,960119,89880,24,3745.0,A
670,POPLATEK TYDNE,970211,971007,44940,12,3745.0,A
671,POPLATEK MESICNE,941124,961002,392460,60,6541.0,C
672,POPLATEK MESICNE,970205,971024,89280,12,7440.0,A
673,POPLATEK MESICNE,970112,971211,155760,24,6490.0,C
674,POPLATEK MESICNE,930114,930915,52788,12,4399.0,A
675,POPLATEK MESICNE,950920,970131,67320,36,1870.0,C
676,POPLATEK MESICNE,970711,981122,317460,60,5291.0,C
677,POPLATEK MESICNE,971015,980927,39168,24,1632.0,C
678,POPLATEK MESICNE,961105,980718,280440,60,4674.0,C
679,POPLATEK TYDNE,950526,951029,419880,60,6998.0,C
680,POPLATEK MESICNE,941001,960806,54024,12,4502.0,A
681,POPLATEK MESICNE,951014,961227,129408,24,5392.0,A
